{
    "id": "10_outline",
    "type": "line",
    "source": {
        "type": "geojson",
        "data": {
            "type": "Feature",
            "properties": {},
            "geometry": {
                "type": "Polygon",
                "coordinates": [
                    [
                        [
                            44.219203162455884,
                            26.689616864900916
                        ],
                        [
                            44.219688101784143,
                            26.68892744513483
                        ],
                        [
                            44.220078493193057,
                            26.688197146130626
                        ],
                        [
                            44.219163513328425,
                            26.68799549558118
                        ],
                        [
                            44.218355281114661,
                            26.687861970021029
                        ],
                        [
                            44.217848992256236,
                            26.689248993212651
                        ],
                        [
                            44.219203162455884,
                            26.689616864900916
                        ]
                    ]
                ]
            }
        }
    },
    "layout": {},
    "paint": {
        "line-color": "#fff",
        "line-width": 2.5
    }
}