{
    "id": "9_outline",
    "type": "line",
    "source": {
        "type": "geojson",
        "data": {
            "type": "Feature",
            "properties": {},
            "geometry": {
                "type": "Polygon",
                "coordinates": [
                    [
                        [
                            44.143611338456012,
                            26.890765051095389
                        ],
                        [
                            44.143582364093625,
                            26.890750770333312
                        ],
                        [
                            44.143411567852226,
                            26.890620203282019
                        ],
                        [
                            44.143280420738293,
                            26.89053859879834
                        ],
                        [
                            44.143214084698123,
                            26.890525678083016
                        ],
                        [
                            44.143111911946562,
                            26.890491676193527
                        ],
                        [
                            44.143060063087567,
                            26.89056920048662
                        ],
                        [
                            44.142980764832636,
                            26.890652165022058
                        ],
                        [
                            44.142889266846176,
                            26.89072288884023
                        ],
                        [
                            44.14285724255091,
                            26.890809933478746
                        ],
                        [
                            44.142780231745633,
                            26.890973822030201
                        ],
                        [
                            44.142676534027636,
                            26.891055426199525
                        ],
                        [
                            44.142722283020873,
                            26.891161511531536
                        ],
                        [
                            44.142752782349689,
                            26.891248555832117
                        ],
                        [
                            44.142874779664972,
                            26.891327439671596
                        ],
                        [
                            44.143127924094188,
                            26.891517848712372
                        ],
                        [
                            44.143356669060346,
                            26.89160761286314
                        ],
                        [
                            44.143332269597288,
                            26.891653854973583
                        ],
                        [
                            44.143512215637344,
                            26.891727298286568
                        ],
                        [
                            44.143625063153976,
                            26.891452565648827
                        ],
                        [
                            44.143582364093625,
                            26.891436244877045
                        ],
                        [
                            44.143640312818384,
                            26.89135192085196
                        ],
                        [
                            44.14356711442921,
                            26.891292077957264
                        ],
                        [
                            44.143841608388612,
                            26.890794292650209
                        ],
                        [
                            44.143611338456012,
                            26.890765051095389
                        ]
                    ]
                ]
            }
        }
    },
    "layout": {},
    "paint": {
        "line-color": "#fff",
        "line-width": 2.5
    }
}